{"val_loss": 1.4076519012451172, "epoch": 9, "trainer/global_step": 99, "_timestamp": 1730342017.475041, "_runtime": 29.783331871032715, "_step": 19, "cycle": 9.0, "loss": 1.330711007118225, "_wandb": {"runtime": 32}}