{"val_loss": 0.9600082039833069, "epoch": 49, "trainer/global_step": 499, "_timestamp": 1730342374.5728068, "_runtime": 39.993366718292236, "_step": 99, "cycle": 49.0, "loss": 0.7567390203475952, "_wandb": {"runtime": 42}}