{"val_loss": 1.7840887308120728, "epoch": 9, "trainer/global_step": 99, "_timestamp": 1730341616.392792, "_runtime": 30.025606870651245, "_step": 19, "cycle": 9.0, "loss": 1.696224331855774, "_wandb": {"runtime": 32}}