{"val_loss": 1.5828832387924194, "epoch": 9, "trainer/global_step": 99, "_timestamp": 1730342548.964281, "_runtime": 30.456266164779663, "_step": 19, "cycle": 9.0, "loss": 1.4828965663909912, "_wandb": {"runtime": 33}}