{
    "equation_selection": {
      "Use_DNDF_IV": 0,
      "DMIn_eqn": 0,
      "mProd_eqn": 1,
      "MiN_eqn": 1,
      "NonMilkCP_ClfLiq": 0,
      "Monensin_eqn": 1,
      "mPrt_eqn": 0,
      "mFat_eqn": 1,
      "RumDevDisc_Clf": 0
    },
    "user_diet": {
      "Feedstuff": [
        "Calcium carbonate",
        "Calcium chloride",
        "Canola meal",
        "Cobalt sulfate (7H2O)",
        "Copper sulfate (5H2O)",
        "Corn grain HM, coarse grind",
        "Corn silage, typical",
        "Magnesium oxide",
        "Magnesium sulfate (7H2O)",
        "Manganese sulfate (H2O)",
        "Selenate, sodium (10 H2O)",
        "Sodium chloride (salt)",
        "Soybean hulls",
        "Vit A premix",
        "Vit D premix",
        "Vit E premix",
        "Wheat straw",
        "Zinc sulfate (H2O)"
      ],
      "kg_user": [
        0.10000500000000001,
        0.10000500000000001,
        1.9999983000000003,
        0.10000500000000001,
        0.10000500000000001,
        1.9999983000000003,
        3.9999966000000007,
        0.10000500000000001,
        0.10000500000000001,
        0.10000500000000001,
        0.10000500000000001,
        0.10000500000000001,
        1.0000048000000001,
        0.10000500000000001,
        0.10000500000000001,
        0.10000500000000001,
        1.0000048000000001,
        0.10000500000000001
      ]
    },
    "animal_input": {
      "An_Parity_rl": 2,
      "Trg_MilkProd": 0,
      "An_BW": 725,
      "An_BCS": 3,
      "An_LactDay": 0,
      "Trg_MilkFatp": 0,
      "Trg_MilkTPp": 0,
      "Trg_MilkLacp":0,
      "Trg_Dt_DMIn": 11.3,
      "An_BW_mature": 700,
      "Trg_FrmGain": 0.0,
      "An_GestDay": 265,
      "An_GestLength": 280,
      "Trg_RsrvGain": 0,
      "Fet_BWbrth": 44.1,
      "An_AgeDay": 1763.2,
      "An_305RHA_MlkTP": 280,
      "An_StatePhys": "Dry Cow",
      "An_Breed": "Holstein",
      "An_AgeDryFdStart": 14,
      "Env_TempCurr": 22,
      "Env_DistParlor": 0,
      "Env_TripsParlor": 0,
      "Env_Topo": 0
    },
    "infusion_input": {
      "Inf_Acet_g": 0.0,
      "Inf_ADF_g": 0.0,
      "Inf_Arg_g": 0.0,
      "Inf_Ash_g": 0.0,
      "Inf_Butr_g": 0.0,
      "Inf_CP_g": 0.0,
      "Inf_CPARum_CP": 0.0,
      "Inf_CPBRum_CP": 0.0,
      "Inf_CPCRum_CP": 0.0,
      "Inf_dcFA": 0.0,
      "Inf_dcRUP": 0.0,
      "Inf_DM_g": 0.0,
      "Inf_EE_g": 0.0,
      "Inf_FA_g": 0.0,
      "Inf_Glc_g": 0.0,
      "Inf_His_g": 0.0,
      "Inf_Ile_g": 0.0,
      "Inf_KdCPB": 0.0,
      "Inf_Leu_g": 0.0,
      "Inf_Lys_g": 0.0,
      "Inf_Met_g": 0.0,
      "Inf_NDF_g": 0.0,
      "Inf_NPNCP_g": 0.0,
      "Inf_Phe_g": 0.0,
      "Inf_Prop_g": 0.0,
      "Inf_St_g": 0.0,
      "Inf_Thr_g": 0.0,
      "Inf_Trp_g": 0.0,
      "Inf_ttdcSt": 0.0,
      "Inf_Val_g": 0.0,
      "Inf_VFA_g": 0.0,
      "Inf_Location": "Rumen"
    }
  }