{
  "lang":"en",
  "name":"trained_sections_col",
  "version":"2.0.0",
  "description":"",
  "author":"edpeterson",
  "email":"",
  "url":"",
  "license":"",
  "spacy_version":">=3.3.1,<3.5.0",
  "spacy_git_version":"5fb597f77",
  "vectors":{
    "width":0,
    "vectors":0,
    "keys":0,
    "name":null
  },
  "labels":{
    "tok2vec":[

    ],
    "ner":[
      "POLYP_LOC",
      "POLYP_MORPH",
      "POLYP_QUANT",
      "POLYP_SAMPLE",
      "POLYP_SIZE_MEAS",
      "POLYP_SIZE_NONSPEC"
    ]
  },
  "pipeline":[
    "tok2vec",
    "ner"
  ],
  "components":[
    "tok2vec",
    "ner"
  ],
  "disabled":[

  ],
  "performance":{
    "ents_f":0.893830703,
    "ents_p":0.898989899,
    "ents_r":0.8887303852,
    "ents_per_type":{
      "POLYP_SIZE_MEAS":{
        "p":0.8560606061,
        "r":0.9112903226,
        "f":0.8828125
      },
      "POLYP_LOC":{
        "p":0.9130434783,
        "r":0.8963414634,
        "f":0.9046153846
      },
      "POLYP_SAMPLE":{
        "p":0.9237668161,
        "r":0.8803418803,
        "f":0.9015317287
      },
      "POLYP_QUANT":{
        "p":0.84375,
        "r":0.8852459016,
        "f":0.864
      },
      "POLYP_SIZE_NONSPEC":{
        "p":0.96875,
        "r":0.756097561,
        "f":0.8493150685
      },
      "POLYP_MORPH":{
        "p":0.8888888889,
        "r":0.9350649351,
        "f":0.9113924051
      }
    },
    "tok2vec_loss":493.1270520241,
    "ner_loss":527.5371676838
  },
  "requirements":[

  ]
}